﻿Jahr;Typ;Produktion_Mio_Tonnen
1950;Historische_Daten;189.0
1951;Historische_Daten;222.0
1952;Historische_Daten;230.0
1953;Historische_Daten;249.0
1954;Historische_Daten;266.0
1955;Historische_Daten;287.0
1956;Historische_Daten;306.0
1957;Historische_Daten;330.0
1958;Historische_Daten;346.0
1959;Historische_Daten;353.0
1960;Historische_Daten;367.0
1961;Historische_Daten;375.0
1962;Historische_Daten;397.0
1963;Historische_Daten;408.0
1964;Historische_Daten;419.0
1965;Historische_Daten;440.0
1966;Historische_Daten;460.0
1967;Historische_Daten;474.0
1968;Historische_Daten;487.0
1969;Historische_Daten;497.0
1970;Historische_Daten;521.0
1971;Historische_Daten;536.0
1972;Historische_Daten;548.0
1973;Historische_Daten;562.0
1974;Historische_Daten;579.0
1975;Historische_Daten;597.0
1976;Historische_Daten;615.0
1977;Historische_Daten;630.0
1978;Historische_Daten;652.0
1979;Historische_Daten;661.0
1980;Historische_Daten;648.0
1981;Historische_Daten;648.0
1982;Historische_Daten;651.0
1983;Historische_Daten;651.0
1984;Historische_Daten;658.0
1985;Historische_Daten;672.0
1986;Historische_Daten;682.0
1987;Historische_Daten;696.0
1988;Historische_Daten;710.0
1989;Historische_Daten;716.0
1990;Historische_Daten;723.0
1991;Historische_Daten;727.0
1992;Historische_Daten;720.0
1993;Historische_Daten;723.0
1994;Historische_Daten;725.0
1995;Historische_Daten;751.0
1996;Historische_Daten;774.0
1997;Historische_Daten;789.0
1998;Historische_Daten;804.0
1999;Historische_Daten;851.0
2000;Historische_Daten;847.0
2001;Historische_Daten;848.0
2002;Historische_Daten;904.0
2003;Historische_Daten;969.0
2004;Historische_Daten;1058.0
2005;Historische_Daten;1220.0
2006;Historische_Daten;1340.0
2007;Historische_Daten;1527.0
2008;Historische_Daten;1607.0
2009;Historische_Daten;1608.0
2010;Historische_Daten;1650.0
2011;Historische_Daten;1674.0
2012;Historische_Daten;1670.0
2013;Historische_Daten;1689.0
2014;Historische_Daten;1738.0
2015;Historische_Daten;1831.0
2016;Historische_Daten;1875.0
2017;Historische_Daten;1878.0
2018;Historische_Daten;1875.0
2019;Historische_Daten;1880.0
2020;Historische_Daten;1830.0
2021;Historische_Daten;1850.0
2022;Historische_Daten;1865.0
2023;Historische_Daten;1888.0
2024;Historische_Daten;
2025;Historische_Daten;
2026;Historische_Daten;
2027;Historische_Daten;
2028;Historische_Daten;
2029;Historische_Daten;
2030;Historische_Daten;
2031;Historische_Daten;
2032;Historische_Daten;
2033;Historische_Daten;
2034;Historische_Daten;
2035;Historische_Daten;
1950;Lineare_Prognose;
1951;Lineare_Prognose;
1952;Lineare_Prognose;
1953;Lineare_Prognose;
1954;Lineare_Prognose;
1955;Lineare_Prognose;
1956;Lineare_Prognose;
1957;Lineare_Prognose;
1958;Lineare_Prognose;
1959;Lineare_Prognose;
1960;Lineare_Prognose;
1961;Lineare_Prognose;
1962;Lineare_Prognose;
1963;Lineare_Prognose;
1964;Lineare_Prognose;
1965;Lineare_Prognose;
1966;Lineare_Prognose;
1967;Lineare_Prognose;
1968;Lineare_Prognose;
1969;Lineare_Prognose;
1970;Lineare_Prognose;
1971;Lineare_Prognose;
1972;Lineare_Prognose;
1973;Lineare_Prognose;
1974;Lineare_Prognose;
1975;Lineare_Prognose;
1976;Lineare_Prognose;
1977;Lineare_Prognose;
1978;Lineare_Prognose;
1979;Lineare_Prognose;
1980;Lineare_Prognose;
1981;Lineare_Prognose;
1982;Lineare_Prognose;
1983;Lineare_Prognose;
1984;Lineare_Prognose;
1985;Lineare_Prognose;
1986;Lineare_Prognose;
1987;Lineare_Prognose;
1988;Lineare_Prognose;
1989;Lineare_Prognose;
1990;Lineare_Prognose;
1991;Lineare_Prognose;
1992;Lineare_Prognose;
1993;Lineare_Prognose;
1994;Lineare_Prognose;
1995;Lineare_Prognose;
1996;Lineare_Prognose;
1997;Lineare_Prognose;
1998;Lineare_Prognose;
1999;Lineare_Prognose;
2000;Lineare_Prognose;
2001;Lineare_Prognose;
2002;Lineare_Prognose;
2003;Lineare_Prognose;
2004;Lineare_Prognose;
2005;Lineare_Prognose;
2006;Lineare_Prognose;
2007;Lineare_Prognose;
2008;Lineare_Prognose;
2009;Lineare_Prognose;
2010;Lineare_Prognose;
2011;Lineare_Prognose;
2012;Lineare_Prognose;
2013;Lineare_Prognose;
2014;Lineare_Prognose;
2015;Lineare_Prognose;
2016;Lineare_Prognose;
2017;Lineare_Prognose;
2018;Lineare_Prognose;
2019;Lineare_Prognose;
2020;Lineare_Prognose;
2021;Lineare_Prognose;
2022;Lineare_Prognose;
2023;Lineare_Prognose;
2024;Lineare_Prognose;1738.74
2025;Lineare_Prognose;1761.89
2026;Lineare_Prognose;1785.03
2027;Lineare_Prognose;1808.17
2028;Lineare_Prognose;1831.32
2029;Lineare_Prognose;1854.46
2030;Lineare_Prognose;1877.61
2031;Lineare_Prognose;1900.75
2032;Lineare_Prognose;1923.89
2033;Lineare_Prognose;1947.04
2034;Lineare_Prognose;1970.18
2035;Lineare_Prognose;1993.32
1950;Prophet_Prognose;
1951;Prophet_Prognose;
1952;Prophet_Prognose;
1953;Prophet_Prognose;
1954;Prophet_Prognose;
1955;Prophet_Prognose;
1956;Prophet_Prognose;
1957;Prophet_Prognose;
1958;Prophet_Prognose;
1959;Prophet_Prognose;
1960;Prophet_Prognose;
1961;Prophet_Prognose;
1962;Prophet_Prognose;
1963;Prophet_Prognose;
1964;Prophet_Prognose;
1965;Prophet_Prognose;
1966;Prophet_Prognose;
1967;Prophet_Prognose;
1968;Prophet_Prognose;
1969;Prophet_Prognose;
1970;Prophet_Prognose;
1971;Prophet_Prognose;
1972;Prophet_Prognose;
1973;Prophet_Prognose;
1974;Prophet_Prognose;
1975;Prophet_Prognose;
1976;Prophet_Prognose;
1977;Prophet_Prognose;
1978;Prophet_Prognose;
1979;Prophet_Prognose;
1980;Prophet_Prognose;
1981;Prophet_Prognose;
1982;Prophet_Prognose;
1983;Prophet_Prognose;
1984;Prophet_Prognose;
1985;Prophet_Prognose;
1986;Prophet_Prognose;
1987;Prophet_Prognose;
1988;Prophet_Prognose;
1989;Prophet_Prognose;
1990;Prophet_Prognose;
1991;Prophet_Prognose;
1992;Prophet_Prognose;
1993;Prophet_Prognose;
1994;Prophet_Prognose;
1995;Prophet_Prognose;
1996;Prophet_Prognose;
1997;Prophet_Prognose;
1998;Prophet_Prognose;
1999;Prophet_Prognose;
2000;Prophet_Prognose;
2001;Prophet_Prognose;
2002;Prophet_Prognose;
2003;Prophet_Prognose;
2004;Prophet_Prognose;
2005;Prophet_Prognose;
2006;Prophet_Prognose;
2007;Prophet_Prognose;
2008;Prophet_Prognose;
2009;Prophet_Prognose;
2010;Prophet_Prognose;
2011;Prophet_Prognose;
2012;Prophet_Prognose;
2013;Prophet_Prognose;
2014;Prophet_Prognose;
2015;Prophet_Prognose;
2016;Prophet_Prognose;
2017;Prophet_Prognose;
2018;Prophet_Prognose;
2019;Prophet_Prognose;
2020;Prophet_Prognose;
2021;Prophet_Prognose;
2022;Prophet_Prognose;
2023;Prophet_Prognose;
2024;Prophet_Prognose;2108.1
2025;Prophet_Prognose;2154.17
2026;Prophet_Prognose;2200.12
2027;Prophet_Prognose;2246.07
2028;Prophet_Prognose;2292.02
2029;Prophet_Prognose;2338.09
2030;Prophet_Prognose;2384.04
2031;Prophet_Prognose;2429.99
2032;Prophet_Prognose;2475.94
2033;Prophet_Prognose;2522.02
2034;Prophet_Prognose;2567.97
2035;Prophet_Prognose;2613.92
