﻿Jahr;Produktion_Min;Produktion_Max;Typ
2024;1999.78;2223.45;Prophet_Unsicherheitsbereich
2025;2041.46;2273.3;Prophet_Unsicherheitsbereich
2026;2086.09;2310.71;Prophet_Unsicherheitsbereich
2027;2124.85;2363.62;Prophet_Unsicherheitsbereich
2028;2182.42;2403.3;Prophet_Unsicherheitsbereich
2029;2214.06;2451.61;Prophet_Unsicherheitsbereich
2030;2258.78;2501.67;Prophet_Unsicherheitsbereich
2031;2314.83;2552.16;Prophet_Unsicherheitsbereich
2032;2363.41;2595.93;Prophet_Unsicherheitsbereich
2033;2405.31;2637.65;Prophet_Unsicherheitsbereich
2034;2453.75;2681.76;Prophet_Unsicherheitsbereich
2035;2482.15;2731.31;Prophet_Unsicherheitsbereich
