Rang,Unternehmen,Sitzland,"Rohstahlproduktion (in Mio. Tonnen, 2023)"
1,China Baowu Group,China,130.67
2,ArcelorMittal,Luxemburg,68.89
3,Ansteel Group,China,55.65
4,Nippon Steel,Japan,44.37
5,HBIS Group,China,41.08
6,Jianlong Group,China,36.59
7,Shagang Group,China,32.49
8,POSCO,Südkorea,30.46
9,Shougang Group,China,29.53
10,Tata Steel Group,Indien,28.62
11,JFE Steel,Japan,25.19
12,Valin Group,China,22.43
13,Nucor Corporation,USA,21.12
14,Hyundai Steel,Südkorea,18.66
15,JSW Steel,Indien,19.62
